Residue,group,Na,Hdrpo,Hdrpi,Prop,Isoep,Mass,volume,ASA
A,0,5,0.25,-0.5,-0.17,6,71.1,88.6,115
C,0,6,0.04,-1,0.43,5.05,103.1,108.5,135
D,-1,8,-0.72,3,-0.38,2.77,115.1,111.1,150
E,-1,9,-0.62,3,-0.13,3.22,129.1,138.4,190
F,0,11,0.61,-2.5,0.82,5.48,147.2,189.9,210
G,0,4,0.16,0,-0.07,5.97,57,60.1,75
H,1,10,-0.4,-0.5,0.41,7.59,137.1,153.2,195
I,0,8,0.73,-1.8,0.44,6.02,113.2,166.7,175
K,1,9,-1.1,3,-0.36,9.74,128.2,168.6,200
L,0,8,0.53,-1.8,0.4,5.98,113.2,166.7,170
M,0,8,0.26,-1.3,0.66,5.74,131.2,162.9,185
N,0,8,-0.64,0.2,0.12,5.41,114.1,114.1,160
P,0,7,-0.07,0,-0.25,6.3,97.1,112.7,145
Q,0,9,-0.69,0.2,-0.11,5.65,128.1,143.8,180
R,1,11,-1.76,3,0.27,10.76,156.2,173.4,225
S,0,6,-0.26,0.3,-0.33,5.68,87.1,89,115
T,0,7,-0.18,-0.4,-0.18,5.66,101.1,116.1,140
V,0,7,0.54,-1.5,0.27,5.96,99.1,140,155
W,0,14,0.37,-3.4,0.83,5.89,186.2,227.8,255
Y,0,12,0.02,-2.3,0.66,5.66,163.2,193.6,230
