,AA,SS3,SS8,ASA,HseU,HseD,CN,Psi,Phi,Theta,Tau,P3C,P3E,P3H,P8C,P8S,P8T,P8H,P8G,P8I,P8E,P8B
0,D,C,C,149.62383,0.9206754,13.678492,14.461362,136.80728,-87.85073,112.58167,-148.13623,5.4652467,-3.8876336,-5.298039,8.249909,-1.7839941,-1.9224087,-4.0482936,-4.7065225,-21.301958,-1.6004249,-4.032614
1,V,C,C,82.04017,11.945129,7.894337,19.80183,128.44777,-93.05113,111.21877,-168.72798,1.4585266,-0.45627376,-2.1405442,2.981474,-3.1463635,0.05885544,-2.00674,-0.93690807,-8.543182,0.7041111,0.11518371
2,S,C,C,91.99093,3.707929,15.035859,20.111902,153.58995,-88.93668,115.78244,-161.90782,1.6564611,-0.8960412,-2.263367,1.806344,1.0644647,0.91144466,-3.4030228,-1.5230917,-8.574918,-0.24986476,-2.053747
3,G,C,C,38.27027,6.794428,16.165518,23.479599,178.79338,89.865326,121.57256,11.492037,1.5752835,-0.30265263,-2.539962,1.5223716,1.2392129,0.6043793,-3.5295084,-1.8456049,-8.161968,0.3662447,-2.3834102
4,T,E,E,67.1208,12.095758,17.317476,29.35592,148.92468,-112.45164,127.85048,-119.23564,0.9718709,1.7248306,-3.9805596,1.7930045,-0.067887664,-2.5196111,-3.7206032,-3.665477,-8.303585,2.6624787,-0.16578288
5,V,E,E,12.619747,18.801249,15.396122,34.530914,139.20496,-125.231346,127.42781,-167.72131,0.36131418,2.4148424,-4.2284503,1.1946617,-0.52390164,-3.0637772,-3.63858,-4.010143,-7.866676,3.2687168,0.76784104
6,C,E,E,29.864084,6.009002,23.079086,29.661442,140.4105,-74.164276,115.206024,-118.36127,0.6264304,1.6586276,-3.9671023,1.8775846,-0.80139714,-2.653823,-3.268212,-3.4650505,-8.413852,2.9931355,-0.21056528
7,L,H,G,53.97574,18.052225,12.123008,30.22996,-37.54828,-55.281723,90.57056,-121.78149,0.44661745,-3.5729792,1.7635937,0.14292784,0.27660868,1.1014826,-0.47925174,2.812398,-5.430691,-2.6907644,-3.993365
8,S,H,G,100.57565,0.4908112,20.456934,20.816809,-19.836914,-66.090515,89.87059,59.149673,0.5987232,-4.629376,1.8277102,-0.13796294,-0.22312392,2.0932245,-0.27815297,3.3595421,-6.228683,-3.5159276,-4.5943666
9,A,H,G,56.35743,7.464602,16.872656,24.435837,-8.85861,-87.92403,93.33616,57.03997,0.72602844,-5.03751,1.8868223,0.12865527,0.5900546,2.0110476,-0.5822508,3.4806736,-6.887703,-4.356737,-4.313001
10,L,C,S,13.525859,26.159016,7.490938,34.150208,151.81543,-81.32287,121.44048,94.886024,2.969062,-2.7554142,-2.604641,2.4541843,4.3937182,-1.928545,-1.8206811,-3.7968178,-8.912332,-3.523083,-1.7088987
11,P,C,C,30.55578,11.498678,17.077087,28.108078,148.48235,-59.058697,114.01174,-95.252075,3.265548,-4.021924,-1.9409165,4.8888803,0.6688641,-1.0782137,-0.7462817,-3.4084618,-12.442371,-3.8390524,-2.9506962
12,P,H,H,105.51476,1.7437363,20.312433,21.981752,-39.822735,-53.221554,92.07047,-111.52616,0.6432662,-5.4143143,2.6562865,-0.019766381,-0.0734787,1.0690578,3.6369572,-0.2772964,-5.4759583,-5.0781198,-5.2582035
13,E,H,H,76.177925,9.700952,19.927923,29.354116,-33.138527,-63.531235,89.82872,56.172615,0.1794244,-5.1396513,2.6232016,0.10482073,-0.9748409,0.84620905,3.7447903,-0.2694252,-5.193705,-4.501879,-4.8391905
14,A,H,H,0.104560085,25.886806,13.536063,39.36145,-40.803253,-70.29985,91.410934,49.42428,-0.25404957,-4.9220715,2.7893722,0.26417103,-1.3588171,0.047302395,3.9939125,-0.2449706,-5.183197,-4.062908,-4.6540093
15,T,H,H,36.517628,10.357501,21.508898,31.7157,-42.51471,-62.50143,89.96539,51.272144,-0.43365598,-4.9747353,3.082823,0.58974355,-1.2414719,-0.23402943,4.542805,-1.6968074,-5.6220627,-3.853152,-4.618756
16,D,H,H,97.49385,0.88161707,27.735308,28.507051,-42.325985,-62.49589,90.99084,50.265667,-0.4474081,-4.947677,3.002416,0.59421057,-1.1251069,-0.17517452,4.540115,-2.1621456,-5.5448303,-3.7365863,-4.655115
17,T,H,H,2.6733754,19.082134,20.207275,39.340233,-44.795696,-63.235847,91.48032,49.046257,-0.6105283,-4.995503,3.1448212,0.66017956,-1.4325958,-0.36156392,4.751511,-2.2656574,-5.5435987,-3.693507,-4.765184
18,L,H,H,17.078875,19.963888,20.17514,40.350246,-43.008095,-60.28992,90.60476,50.91992,-0.65025073,-4.9615345,3.2007573,0.57803136,-1.472087,-0.4165988,4.78412,-2.1205168,-5.462295,-3.64721,-4.7197804
19,N,H,H,92.76036,1.6329232,25.41202,27.451046,-39.243244,-63.81664,90.74324,49.41807,-0.4580202,-5.0869336,3.0568511,0.6040549,-1.3820585,-0.17268634,4.5748496,-1.9407969,-5.5000014,-3.8533566,-4.9025197
20,L,H,H,43.050575,8.14533,19.637352,27.806854,-43.687233,-64.02764,91.257996,50.587444,-0.46676317,-4.9141,2.933073,0.40480533,-1.5070376,0.017711123,4.3722076,-1.5065413,-4.726076,-3.8276317,-4.6458745
21,I,H,H,5.620757,21.941113,11.970376,33.918755,-42.305473,-63.25991,91.23174,48.309162,-0.24853064,-4.8419037,2.7737637,0.18680035,-1.5168935,0.4113541,4.0989246,-0.7273834,-4.613287,-3.9176495,-4.504152
22,A,H,H,67.345024,7.732254,17.206455,24.991482,-29.468521,-64.0676,89.067696,52.63143,0.394455,-5.307585,2.4064682,-0.031282157,-1.0505532,1.5446625,3.851159,-0.9581454,-5.1060557,-4.540546,-4.840923
23,S,C,T,85.82153,0.41098377,16.41469,17.06755,3.6837423,-89.5335,92.7048,51.39479,1.8435053,-4.529211,0.6257383,-0.114798985,-0.036167905,3.2734687,2.1771796,-1.2616538,-6.942491,-4.3103065,-3.6371696
24,D,C,T,113.64036,5.513588,14.665995,20.289202,14.51702,84.58978,97.7899,-92.603806,2.64567,-3.6158123,-1.1167377,0.87468916,0.7556524,3.1767414,-0.48050642,-2.8865206,-6.8987827,-3.798187,-3.5479634
25,G,C,C,17.8396,9.260844,13.105358,22.993876,-170.43242,80.65583,129.8896,-154.60028,2.9586241,-2.0160372,-3.292422,3.6675198,1.8705255,-0.7309827,-3.3481934,-3.221246,-9.842563,-2.1255667,-1.7562327
26,P,C,C,84.012665,6.4263544,17.986418,25.173742,150.63696,-71.88267,112.95307,-37.509575,2.7358572,-1.6701827,-3.305226,2.8432724,2.6107204,-0.45121363,-3.9392407,-3.170173,-8.343958,-1.759684,-1.4130735
27,F,C,C,32.65561,20.516977,9.215183,29.41485,135.52509,-76.56639,114.37633,-123.286575,2.295873,-0.90415436,-3.1046546,2.9689462,1.6480103,-0.7932885,-3.457306,-2.5048656,-8.185279,-1.1673046,-0.40762648
28,P,C,C,86.29588,3.51169,18.470804,22.125618,-1.8097516,-74.3561,93.08064,-140.83025,2.276258,-1.7864789,-2.525298,2.2781646,2.036732,0.009315501,-3.2357056,-2.1731408,-7.85001,-1.7331408,-1.8508172
29,Y,C,C,70.561516,13.048935,9.510872,22.440098,150.7898,-115.87196,125.933,61.69534,1.1783577,-0.8604507,-1.3104743,1.5378634,0.99711925,-0.26084793,-1.6903812,-0.67343664,-5.2656054,-1.179302,-0.355884
30,S,C,T,104.856476,0.7930095,15.9447155,16.979235,-20.618555,-68.50708,90.72662,-130.33032,1.1192583,-2.4945762,0.07869109,0.97232085,0.5489863,1.0638655,-1.0316243,0.7786767,-5.936339,-2.1429994,-2.2206888
31,Q,C,T,92.94557,7.678293,12.377016,20.541695,10.368745,-87.62475,94.53915,66.66965,0.9828289,-2.295488,0.09902666,0.5635564,0.5220563,1.3041987,-1.0902508,0.83938044,-5.421845,-1.9422492,-2.02149
32,D,C,T,64.58747,11.823868,11.094242,22.86215,128.6798,-59.347626,109.164536,137.46529,1.1966244,-2.5415003,0.04660959,0.56228286,0.70739824,1.3841538,-1.072782,0.6622196,-5.121651,-2.34859,-2.0525634
33,G,C,T,42.45773,4.728279,16.015535,21.084314,-5.371436,92.183655,95.66449,25.033722,1.5711356,-1.7549014,-1.2245973,0.9566887,1.221549,1.316904,-2.124686,-0.7321248,-6.047655,-1.4727545,-2.4519327
34,V,C,C,59.739536,8.309889,16.005074,24.43103,134.08345,-88.55736,116.32817,123.252686,1.4594622,0.082590856,-2.6529124,1.5503058,1.2107385,-0.6315006,-3.0604036,-2.283992,-6.5425467,0.5710866,-1.0740951
35,V,C,C,68.55585,8.751416,18.301231,27.181808,131.73135,-94.977325,115.386986,-137.95235,1.1697496,0.98747903,-3.3865397,1.8011614,0.37221017,-1.8975983,-3.2290504,-3.212075,-7.3130684,1.7594409,-0.13383208
36,F,E,E,22.18677,17.902779,14.156231,32.41884,128.74756,-100.956375,114.37984,-152.58221,0.74848825,1.68825,-3.5480726,1.4433912,-0.71617347,-2.337863,-3.2318795,-3.3780968,-7.1231575,2.174379,1.1107602
37,Q,C,C,96.443985,6.1145005,21.675371,28.173798,137.95439,-104.592926,121.09048,-156.36115,1.3640547,0.7650879,-3.5971553,2.089612,-0.010796507,-1.4650003,-3.4962463,-3.2243633,-7.92683,1.4989551,-0.17643075
38,N,C,C,23.219374,17.56894,10.632243,28.118856,92.33688,-84.7451,99.616,-139.453,1.5392004,-0.6296547,-2.2749739,1.927269,0.810503,-0.06665015,-2.9063284,-1.7752806,-6.9509125,-0.27557412,-1.0459887
39,R,C,C,169.61342,3.5802615,17.588528,20.95456,-13.338111,-77.034386,93.04009,171.3672,1.4677042,-1.3415985,-1.4150714,1.3587961,1.0708476,0.8540513,-2.4073281,-0.91989875,-5.394411,-1.5582007,-1.0894371
40,E,C,T,84.50066,7.9223423,11.907264,19.943218,2.7699332,-79.03797,90.65562,61.079823,1.5552765,-2.3157778,-0.83498234,0.6533293,1.2331855,1.7223536,-2.1089683,-0.11101519,-5.5744967,-2.3687918,-2.2287433
41,S,C,T,100.25308,1.5139228,15.383969,17.786764,26.764956,64.282555,91.90651,-129.21909,1.595458,-2.2692668,-1.044182,0.73525596,1.2958091,1.5955781,-2.2236707,-0.3184416,-5.77823,-2.1722004,-2.3771667
42,V,C,S,65.39852,7.4154973,15.815985,23.310505,-10.0524845,-99.76621,97.94109,117.14167,1.3904881,-1.2408196,-1.5701836,1.311738,1.3439841,0.4246887,-2.3835936,-1.0707842,-5.409603,-1.5658356,-0.8435054
43,L,C,S,13.654612,23.952831,8.239931,31.9268,151.84904,-88.22315,121.379875,85.49021,2.4410782,-0.93941784,-3.53291,1.9783167,3.0304792,-1.2313986,-3.5221245,-3.7589054,-7.3287125,-1.0318165,-0.7012766
44,P,C,C,36.864136,10.902912,16.041403,27.364653,148.52202,-62.832047,115.821106,-93.04438,2.5350857,-1.5863729,-3.113344,3.295297,1.1630077,-0.5543235,-3.555927,-2.5737472,-9.930615,-1.3757224,-1.4354073
45,T,C,C,123.48595,2.6405878,16.877756,20.85587,120.70009,-76.519455,106.14426,-112.513084,2.1552985,-0.94109297,-3.0187047,2.2064686,2.1833894,-0.56447405,-3.694206,-2.591149,-7.9150414,-0.9059391,-1.0289763
46,Q,C,C,88.25259,10.745958,10.383071,21.037596,152.42484,-129.68013,129.69455,160.88055,1.6282293,-0.6081664,-2.547561,2.2934115,0.95224935,-0.9762664,-2.880543,-1.9193588,-7.262213,-0.49909887,-0.16483508
47,S,C,C,93.27352,0.7388761,15.323897,16.462017,165.53413,-70.77433,112.3886,-115.47538,1.6550344,-1.4848906,-1.7940664,1.7166237,1.0665797,0.9532099,-3.026819,-1.0030342,-7.6105423,-1.1597852,-1.5759057
48,Y,C,T,187.64078,2.9779086,14.88338,18.524094,126.85051,-69.12886,108.97172,-29.238335,1.66498,-1.7100321,-1.6201137,0.6912377,1.5469793,1.7926054,-3.191305,-0.7932706,-6.4472356,-1.3442758,-1.8331623
49,G,C,S,24.207676,8.923682,14.2084875,23.513683,-2.6054285,92.994705,95.79045,19.931376,1.4394833,-0.65934044,-2.075465,0.90685934,1.4424752,1.0602282,-3.3339016,-1.3023192,-6.854303,-0.090954386,-1.8843708
50,Y,C,C,68.04662,8.922721,18.29519,27.42868,143.22617,-109.139946,126.00018,106.38441,1.2903429,0.7147028,-3.3630943,1.7762839,0.69886833,-0.97004145,-3.8606243,-2.9424207,-8.179183,1.5057129,-1.4424176
51,Y,E,E,29.836756,19.28413,16.860327,35.816887,147.41487,-131.47885,133.47696,-174.29506,0.41339096,2.599334,-4.2857914,1.2631418,-0.93588734,-3.1247795,-3.6339161,-4.3214335,-8.6553755,3.5485866,-0.16921754
52,H,E,E,48.909565,13.556748,24.54003,38.104248,136.70107,-124.50762,124.34046,-156.67143,0.22940417,2.720966,-3.8823328,1.165358,-0.82392055,-2.6860263,-3.275157,-4.0088763,-8.883472,3.8062935,-1.2335829
53,E,E,E,13.086928,20.313906,20.783228,41.084145,141.74565,-120.94611,126.77676,-160.22427,0.110158525,3.097647,-4.3518414,1.1431162,-1.0419629,-3.3303158,-3.528388,-4.509935,-9.622474,4.2620907,-0.66232616
54,Y,E,E,14.457664,17.343815,24.336815,41.739216,155.05544,-132.2513,133.79672,177.0556,0.4247705,2.5531104,-4.135519,1.4181651,-0.7374409,-2.761139,-3.5623283,-4.0104957,-8.788243,3.6837356,-0.7711704
55,T,E,E,7.3225684,17.950075,23.1731,40.894745,143.60161,-96.4975,121.124794,-132.9592,0.84026843,1.7781115,-3.737382,1.4946219,-0.0919706,-1.9491116,-3.6441524,-3.4809506,-7.5980697,2.6032913,-0.7973561
56,V,C,C,4.153315,21.308764,18.865984,40.077885,129.23288,-115.44759,118.78357,-153.47092,1.359423,0.93999267,-3.8163764,1.9502102,0.33503488,-1.8041924,-3.867834,-3.5283556,-7.218573,1.666226,-0.11658913
57,I,C,C,75.76193,8.347925,22.649555,30.8703,129.28894,-80.09229,112.907074,-128.77525,1.8215708,0.27321282,-3.8047163,2.3947833,1.0212806,-1.5594109,-3.9718816,-3.4816856,-7.230068,0.5732308,0.05451862
58,T,C,C,29.539993,14.558135,12.7272415,27.567518,114.072395,-115.161385,112.96439,-163.90302,2.5217152,-1.0081427,-3.3706608,3.1086795,1.5871071,-1.1906806,-3.652893,-3.1079872,-8.134147,-1.1035062,-0.7174882
59,P,C,T,99.39245,3.7898984,14.1649475,19.024626,133.20824,-56.5466,111.161934,-127.49764,2.9359512,-2.601052,-2.537644,0.69462854,1.580511,3.478692,-3.7411737,-1.8245559,-7.2961526,-3.1184719,-1.8200126
60,G,C,T,73.38345,0.09268494,13.86214,13.030095,-5.0090265,86.05736,94.75064,20.766691,2.9608574,-3.084608,-2.619705,0.8830703,1.4648519,3.4931774,-3.5636117,-2.0962603,-7.6179767,-3.174709,-3.1587563
61,A,C,C,34.509212,13.193409,5.1511683,17.780863,144.77908,-79.77104,118.196526,122.10118,2.237708,-1.3293098,-2.8469265,2.9979007,1.5861248,-0.63784045,-3.3491604,-2.184338,-8.216968,-1.8411088,-0.6757722
62,R,C,S,218.8872,0.27561206,14.432246,13.843281,-31.483194,-80.15717,94.61123,-152.56001,2.6236148,-1.8521309,-2.9990246,1.9906715,2.906123,-0.0074321926,-3.5748274,-2.8405712,-7.95666,-1.7540416,-2.15342
63,T,C,S,83.6952,2.820191,15.933891,18.792095,130.96567,-120.04936,121.02737,36.37613,2.125278,-1.0641856,-2.8202333,2.0993073,2.3350008,-0.32244775,-3.4757679,-2.2928874,-6.9604325,-1.2006787,-0.84037924
64,R,C,C,107.787315,14.115601,11.818042,26.04951,139.39543,-76.95975,115.02043,-140.36833,1.4122068,-0.8833022,-1.9766661,1.8293725,0.5086665,0.4806633,-2.7627819,-1.2438015,-6.5494876,-0.9894924,-0.33063748
65,G,C,T,27.26309,8.190873,19.969358,28.23555,-161.42578,75.87415,121.96496,128.14352,1.2271024,-1.4998485,-1.1080968,1.0509098,0.77594256,1.2225316,-2.593223,-0.17161472,-5.9928765,-1.0724404,-1.781774
66,T,C,C,56.235516,10.697857,20.106796,30.570314,-8.625855,-81.02467,97.277794,-62.29919,1.1530424,-1.5964041,-0.9047286,1.0226492,0.9019642,0.9826722,-2.7699268,0.080204606,-6.747888,-0.9869358,-2.213781
67,R,C,C,62.320957,15.719019,21.852303,37.866673,135.25793,-89.39122,115.10994,94.82168,0.94904643,-0.65109247,-1.4026918,1.4516824,0.22974585,0.24466927,-2.8909032,-0.37943885,-7.9774985,0.23860288,-2.1716022
68,R,E,E,12.391577,21.616796,24.628483,46.42795,151.54979,-135.438,135.38675,172.40096,0.7145657,1.6104463,-3.0896778,1.4944488,-0.28777435,-2.2969556,-3.2255154,-2.8048007,-7.684166,2.556735,-1.002258
69,I,E,E,0.23809835,25.581541,26.970211,52.52326,128.66806,-119.93199,120.34612,-147.86736,-0.048887134,3.1800241,-4.046359,0.9574092,-1.28504,-3.4693744,-3.1262512,-4.617667,-9.232809,4.3345146,-0.98350865
70,I,E,E,0.58378935,24.12384,28.787914,53.16436,130.0683,-115.342476,120.85122,-164.5084,-0.32398373,3.7088807,-4.1894817,0.8830099,-1.5468961,-3.7471092,-3.0322037,-5.132871,-10.225772,5.019713,-1.0977786
71,T,E,E,1.566987,19.722666,25.272257,45.33031,129.21915,-116.59056,123.38041,-165.79599,-0.09787655,3.6149333,-4.7081156,1.1156516,-1.3407034,-3.843632,-3.6654243,-5.2926497,-10.380688,4.917312,-0.25207815
72,G,E,E,1.3311135,15.840721,19.732155,35.66044,123.59399,-82.324356,110.314575,-135.06789,0.9689068,2.252549,-5.072569,2.2705507,-0.41798094,-2.8817606,-4.2874618,-4.8244433,-9.942665,3.5525615,-0.37395552
73,E,C,T,90.20935,11.294261,17.01166,27.830996,-35.570377,-66.874306,94.74658,-153.30421,2.4507458,-2.5210164,-1.4448613,-0.52905935,1.5631446,3.1908486,-3.2433777,-0.42946306,-5.8359222,-2.1934206,-2.3597794
74,A,C,T,83.00451,2.0612833,18.25561,19.937607,-43.48518,-74.97491,98.92632,51.031563,2.5132039,-3.4680097,-0.91973895,-0.67185974,1.7439213,3.3630226,-2.597708,0.1772449,-5.768696,-2.898879,-3.1114585
75,T,C,T,76.457054,3.1318798,16.287924,19.41679,-4.5222936,-104.595535,98.93745,17.9608,2.3158224,-2.815693,-1.3667868,0.14974654,1.393199,2.9876337,-3.086296,-0.5521274,-6.8148675,-2.4059505,-3.0772636
76,Q,C,C,108.303795,10.910032,14.908286,25.339098,28.701307,60.736927,89.37215,-126.609695,2.8402224,-1.9039556,-2.9981205,2.6915014,0.7047818,2.1216257,-3.564593,-3.0739,-10.075562,-1.4030228,-3.1524699
77,E,C,C,59.709446,9.189716,21.855953,30.737717,136.264,-80.784515,115.96114,157.82544,1.812892,1.4205254,-4.7202935,3.0024931,-0.09167707,-2.6663442,-4.3413334,-4.684346,-9.986802,2.6713753,-1.3231164
78,D,E,E,29.133038,22.666971,17.975092,40.156166,143.62099,-128.65959,131.2225,-169.2854,0.3837792,3.239425,-4.9007382,1.4169058,-1.2153052,-3.7716274,-4.063491,-5.0573,-9.950868,4.427398,-0.75685185
79,Y,E,E,34.405346,16.533619,26.442919,42.973297,147.80356,-129.27193,131.36893,-172.20143,-0.23620816,3.8703911,-4.801815,0.9918537,-1.5602392,-4.1282573,-3.704376,-5.6083903,-10.960887,5.204284,-0.7158126
80,Y,E,E,49.55813,21.310066,20.847569,41.788498,148.07533,-136.47797,134.83838,-166.27542,0.11366701,3.4743602,-5.0853505,1.3878852,-1.3870978,-3.8441823,-4.033462,-5.3181396,-10.845498,4.847114,-0.55086726
81,T,E,E,6.0772705,14.941782,19.381218,34.913364,148.07155,-137.55812,133.26451,-172.6443,1.1439477,2.018575,-4.85854,2.278889,-0.7437454,-2.9846532,-4.209921,-4.6670303,-9.513748,3.1863205,-0.5421734
82,G,C,S,40.193317,9.085647,18.296587,27.564259,-10.6673565,-81.01752,90.59095,-144.63223,2.526601,-0.87625617,-3.328244,0.8817956,3.3282604,-0.080561124,-3.8086689,-3.2887242,-7.405023,-0.38900694,-3.138532
83,D,C,S,70.86879,3.7494853,19.667248,24.059189,38.30341,-103.25182,96.883804,61.419456,2.202423,-1.2624403,-2.5408967,1.4908017,2.4376733,-0.019495547,-2.9749553,-2.3589747,-6.0220284,-1.1881562,-1.6833725
84,H,C,C,72.12069,12.852855,16.253479,29.04687,26.196846,62.058495,94.17157,-92.85664,1.479004,-1.4009756,-1.1308762,1.789835,0.4105542,0.5206027,-1.8510213,-0.6916823,-5.527561,-1.5201516,-1.0305479
85,Y,C,T,48.87206,20.313908,11.837336,31.423906,11.370551,69.45725,93.43207,-59.4339,0.9375308,-2.5189638,0.60250866,0.08979451,0.28727326,1.5931364,-0.98879766,1.4756159,-4.26343,-2.3359153,-2.339742
86,A,C,T,74.406654,1.7204828,21.495493,23.748667,-28.499687,-69.18946,91.107765,118.70169,1.1705003,-3.4624846,0.67978173,-0.52966714,0.6309688,2.1341107,-0.8946896,1.712637,-5.3613496,-2.6295226,-3.5458357
87,T,C,T,56.879036,5.1089582,21.229362,26.755228,159.08879,-132.31947,134.64581,23.530184,0.92345285,-2.4439585,0.3972814,-0.0568578,0.4962232,1.5690193,-0.9723901,1.2284983,-5.5777535,-1.7265116,-3.1548169
88,F,C,C,19.14928,26.615711,9.282849,35.508705,149.31729,-133.58034,133.6694,-172.0603,1.4343041,0.9053095,-3.3647964,2.4259832,0.027720353,-2.33411,-3.0071552,-3.4258115,-8.575658,2.0478716,-1.4571203
89,S,E,E,55.09045,5.244937,25.57292,30.924341,141.66412,-131.26332,129.11984,-166.36758,0.22794336,2.6299953,-3.8631604,0.9584806,-0.8421708,-3.133743,-3.1532106,-3.9830382,-8.180219,3.5664299,-0.039046664
90,L,E,E,83.76086,12.926867,17.406532,30.202576,132.94357,-70.57162,112.61738,-115.2053,0.3333584,2.669775,-4.3904514,1.4180784,-1.3374758,-3.262715,-3.5670786,-4.421499,-9.334659,3.8435261,0.09218234
91,I,C,E,28.834848,19.123863,12.2820835,31.135876,134.0862,-99.91306,116.54966,-149.00455,1.0027841,0.89698815,-2.919017,1.6101252,0.21583349,-1.1333313,-3.0855644,-2.616165,-7.672798,1.7627496,-1.694327
92,D,C,C,109.50627,3.948895,18.159761,23.187153,132.20245,-84.49741,113.63556,-131.07188,1.153838,0.43399453,-2.61042,1.5399913,0.651488,-0.35588536,-3.188707,-2.0388994,-7.851537,1.2928365,-2.0929053
93,Q,C,C,110.61358,10.532,11.271161,21.985754,126.10987,-87.73552,108.90821,-160.67104,1.2607688,0.15277909,-2.5006378,2.0639107,0.008683522,-0.9424522,-2.789981,-1.9107558,-7.899795,1.0791866,-1.3649682
94,T,C,C,109.89204,2.7659035,12.446683,16.833067,119.3996,-89.81742,109.55046,-171.73804,1.3033638,0.51894563,-2.9875362,2.625534,-2.5092177,-0.8527898,-2.5247595,-2.1037939,-8.653824,1.3500352,0.5470981
95,C,C,C,107.19107,5.5190144,12.834638,19.416817,117.561646,-93.22265,109.08169,-170.41243,3.7573662,-2.842192,-3.9202073,5.6820908,-0.5572786,-1.1144241,-3.5762064,-3.3661184,-16.182848,-1.089553,-4.1883554
